img,cls
database\beaches\110.jpg,database\beaches
database\beaches\111.jpg,database\beaches
database\beaches\112.jpg,database\beaches
database\beaches\113.jpg,database\beaches
database\beaches\114.jpg,database\beaches
database\beaches\115.jpg,database\beaches
database\beaches\116.jpg,database\beaches
database\beaches\117.jpg,database\beaches
database\beaches\118.jpg,database\beaches
database\beaches\119.jpg,database\beaches
database\beaches\120.jpg,database\beaches
database\beaches\121.jpg,database\beaches
database\beaches\122.jpg,database\beaches
database\beaches\123.jpg,database\beaches
database\beaches\124.jpg,database\beaches
database\beaches\125.jpg,database\beaches
database\beaches\126.jpg,database\beaches
database\beaches\127.jpg,database\beaches
database\beaches\128.jpg,database\beaches
database\beaches\129.jpg,database\beaches
database\beaches\130.jpg,database\beaches
database\beaches\131.jpg,database\beaches
database\beaches\132.jpg,database\beaches
database\beaches\133.jpg,database\beaches
database\beaches\134.jpg,database\beaches
database\beaches\135.jpg,database\beaches
database\beaches\136.jpg,database\beaches
database\beaches\137.jpg,database\beaches
database\beaches\138.jpg,database\beaches
database\beaches\139.jpg,database\beaches
database\beaches\140.jpg,database\beaches
database\beaches\141.jpg,database\beaches
database\beaches\142.jpg,database\beaches
database\beaches\143.jpg,database\beaches
database\beaches\144.jpg,database\beaches
database\beaches\145.jpg,database\beaches
database\beaches\146.jpg,database\beaches
database\beaches\147.jpg,database\beaches
database\beaches\148.jpg,database\beaches
database\beaches\149.jpg,database\beaches
database\beaches\150.jpg,database\beaches
database\beaches\151.jpg,database\beaches
database\beaches\152.jpg,database\beaches
database\beaches\153.jpg,database\beaches
database\beaches\154.jpg,database\beaches
database\beaches\155.jpg,database\beaches
database\beaches\156.jpg,database\beaches
database\beaches\157.jpg,database\beaches
database\beaches\158.jpg,database\beaches
database\beaches\159.jpg,database\beaches
database\beaches\160.jpg,database\beaches
database\beaches\161.jpg,database\beaches
database\beaches\162.jpg,database\beaches
database\beaches\163.jpg,database\beaches
database\beaches\164.jpg,database\beaches
database\beaches\165.jpg,database\beaches
database\beaches\166.jpg,database\beaches
database\beaches\167.jpg,database\beaches
database\beaches\168.jpg,database\beaches
database\beaches\169.jpg,database\beaches
database\beaches\170.jpg,database\beaches
database\beaches\171.jpg,database\beaches
database\beaches\172.jpg,database\beaches
database\beaches\173.jpg,database\beaches
database\beaches\174.jpg,database\beaches
database\beaches\175.jpg,database\beaches
database\beaches\176.jpg,database\beaches
database\beaches\177.jpg,database\beaches
database\beaches\178.jpg,database\beaches
database\beaches\179.jpg,database\beaches
database\beaches\180.jpg,database\beaches
database\beaches\181.jpg,database\beaches
database\beaches\182.jpg,database\beaches
database\beaches\183.jpg,database\beaches
database\beaches\184.jpg,database\beaches
database\beaches\185.jpg,database\beaches
database\beaches\186.jpg,database\beaches
database\beaches\187.jpg,database\beaches
database\beaches\188.jpg,database\beaches
database\beaches\189.jpg,database\beaches
database\beaches\190.jpg,database\beaches
database\beaches\191.jpg,database\beaches
database\beaches\192.jpg,database\beaches
database\beaches\193.jpg,database\beaches
database\beaches\194.jpg,database\beaches
database\beaches\195.jpg,database\beaches
database\beaches\196.jpg,database\beaches
database\beaches\197.jpg,database\beaches
database\beaches\198.jpg,database\beaches
database\beaches\199.jpg,database\beaches
database\bus\310.jpg,database\bus
database\bus\311.jpg,database\bus
database\bus\312.jpg,database\bus
database\bus\313.jpg,database\bus
database\bus\314.jpg,database\bus
database\bus\315.jpg,database\bus
database\bus\316.jpg,database\bus
database\bus\317.jpg,database\bus
database\bus\318.jpg,database\bus
database\bus\319.jpg,database\bus
database\bus\320.jpg,database\bus
database\bus\321.jpg,database\bus
database\bus\322.jpg,database\bus
database\bus\323.jpg,database\bus
database\bus\324.jpg,database\bus
database\bus\325.jpg,database\bus
database\bus\326.jpg,database\bus
database\bus\327.jpg,database\bus
database\bus\328.jpg,database\bus
database\bus\329.jpg,database\bus
database\bus\330.jpg,database\bus
database\bus\331.jpg,database\bus
database\bus\332.jpg,database\bus
database\bus\333.jpg,database\bus
database\bus\334.jpg,database\bus
database\bus\335.jpg,database\bus
database\bus\336.jpg,database\bus
database\bus\337.jpg,database\bus
database\bus\338.jpg,database\bus
database\bus\339.jpg,database\bus
database\bus\340.jpg,database\bus
database\bus\341.jpg,database\bus
database\bus\342.jpg,database\bus
database\bus\343.jpg,database\bus
database\bus\344.jpg,database\bus
database\bus\345.jpg,database\bus
database\bus\346.jpg,database\bus
database\bus\347.jpg,database\bus
database\bus\348.jpg,database\bus
database\bus\349.jpg,database\bus
database\bus\350.jpg,database\bus
database\bus\351.jpg,database\bus
database\bus\352.jpg,database\bus
database\bus\353.jpg,database\bus
database\bus\354.jpg,database\bus
database\bus\355.jpg,database\bus
database\bus\356.jpg,database\bus
database\bus\357.jpg,database\bus
database\bus\358.jpg,database\bus
database\bus\359.jpg,database\bus
database\bus\360.jpg,database\bus
database\bus\361.jpg,database\bus
database\bus\362.jpg,database\bus
database\bus\363.jpg,database\bus
database\bus\364.jpg,database\bus
database\bus\365.jpg,database\bus
database\bus\366.jpg,database\bus
database\bus\367.jpg,database\bus
database\bus\368.jpg,database\bus
database\bus\369.jpg,database\bus
database\bus\370.jpg,database\bus
database\bus\371.jpg,database\bus
database\bus\372.jpg,database\bus
database\bus\373.jpg,database\bus
database\bus\374.jpg,database\bus
database\bus\375.jpg,database\bus
database\bus\376.jpg,database\bus
database\bus\377.jpg,database\bus
database\bus\378.jpg,database\bus
database\bus\379.jpg,database\bus
database\bus\380.jpg,database\bus
database\bus\381.jpg,database\bus
database\bus\382.jpg,database\bus
database\bus\383.jpg,database\bus
database\bus\384.jpg,database\bus
database\bus\385.jpg,database\bus
database\bus\386.jpg,database\bus
database\bus\387.jpg,database\bus
database\bus\388.jpg,database\bus
database\bus\389.jpg,database\bus
database\bus\390.jpg,database\bus
database\bus\391.jpg,database\bus
database\bus\392.jpg,database\bus
database\bus\393.jpg,database\bus
database\bus\394.jpg,database\bus
database\bus\395.jpg,database\bus
database\bus\396.jpg,database\bus
database\bus\397.jpg,database\bus
database\bus\398.jpg,database\bus
database\bus\399.jpg,database\bus
database\dinosaurs\410.jpg,database\dinosaurs
database\dinosaurs\411.jpg,database\dinosaurs
database\dinosaurs\412.jpg,database\dinosaurs
database\dinosaurs\413.jpg,database\dinosaurs
database\dinosaurs\414.jpg,database\dinosaurs
database\dinosaurs\415.jpg,database\dinosaurs
database\dinosaurs\416.jpg,database\dinosaurs
database\dinosaurs\417.jpg,database\dinosaurs
database\dinosaurs\418.jpg,database\dinosaurs
database\dinosaurs\419.jpg,database\dinosaurs
database\dinosaurs\420.jpg,database\dinosaurs
database\dinosaurs\421.jpg,database\dinosaurs
database\dinosaurs\422.jpg,database\dinosaurs
database\dinosaurs\423.jpg,database\dinosaurs
database\dinosaurs\424.jpg,database\dinosaurs
database\dinosaurs\425.jpg,database\dinosaurs
database\dinosaurs\426.jpg,database\dinosaurs
database\dinosaurs\427.jpg,database\dinosaurs
database\dinosaurs\428.jpg,database\dinosaurs
database\dinosaurs\429.jpg,database\dinosaurs
database\dinosaurs\430.jpg,database\dinosaurs
database\dinosaurs\431.jpg,database\dinosaurs
database\dinosaurs\432.jpg,database\dinosaurs
database\dinosaurs\433.jpg,database\dinosaurs
database\dinosaurs\434.jpg,database\dinosaurs
database\dinosaurs\435.jpg,database\dinosaurs
database\dinosaurs\436.jpg,database\dinosaurs
database\dinosaurs\437.jpg,database\dinosaurs
database\dinosaurs\438.jpg,database\dinosaurs
database\dinosaurs\439.jpg,database\dinosaurs
database\dinosaurs\440.jpg,database\dinosaurs
database\dinosaurs\441.jpg,database\dinosaurs
database\dinosaurs\442.jpg,database\dinosaurs
database\dinosaurs\443.jpg,database\dinosaurs
database\dinosaurs\444.jpg,database\dinosaurs
database\dinosaurs\445.jpg,database\dinosaurs
database\dinosaurs\446.jpg,database\dinosaurs
database\dinosaurs\447.jpg,database\dinosaurs
database\dinosaurs\448.jpg,database\dinosaurs
database\dinosaurs\449.jpg,database\dinosaurs
database\dinosaurs\450.jpg,database\dinosaurs
database\dinosaurs\451.jpg,database\dinosaurs
database\dinosaurs\452.jpg,database\dinosaurs
database\dinosaurs\453.jpg,database\dinosaurs
database\dinosaurs\454.jpg,database\dinosaurs
database\dinosaurs\455.jpg,database\dinosaurs
database\dinosaurs\456.jpg,database\dinosaurs
database\dinosaurs\457.jpg,database\dinosaurs
database\dinosaurs\458.jpg,database\dinosaurs
database\dinosaurs\459.jpg,database\dinosaurs
database\dinosaurs\460.jpg,database\dinosaurs
database\dinosaurs\461.jpg,database\dinosaurs
database\dinosaurs\462.jpg,database\dinosaurs
database\dinosaurs\463.jpg,database\dinosaurs
database\dinosaurs\464.jpg,database\dinosaurs
database\dinosaurs\465.jpg,database\dinosaurs
database\dinosaurs\466.jpg,database\dinosaurs
database\dinosaurs\467.jpg,database\dinosaurs
database\dinosaurs\468.jpg,database\dinosaurs
database\dinosaurs\469.jpg,database\dinosaurs
database\dinosaurs\470.jpg,database\dinosaurs
database\dinosaurs\471.jpg,database\dinosaurs
database\dinosaurs\472.jpg,database\dinosaurs
database\dinosaurs\473.jpg,database\dinosaurs
database\dinosaurs\474.jpg,database\dinosaurs
database\dinosaurs\475.jpg,database\dinosaurs
database\dinosaurs\476.jpg,database\dinosaurs
database\dinosaurs\477.jpg,database\dinosaurs
database\dinosaurs\478.jpg,database\dinosaurs
database\dinosaurs\479.jpg,database\dinosaurs
database\dinosaurs\480.jpg,database\dinosaurs
database\dinosaurs\481.jpg,database\dinosaurs
database\dinosaurs\482.jpg,database\dinosaurs
database\dinosaurs\483.jpg,database\dinosaurs
database\dinosaurs\484.jpg,database\dinosaurs
database\dinosaurs\485.jpg,database\dinosaurs
database\dinosaurs\486.jpg,database\dinosaurs
database\dinosaurs\487.jpg,database\dinosaurs
database\dinosaurs\488.jpg,database\dinosaurs
database\dinosaurs\489.jpg,database\dinosaurs
database\dinosaurs\490.jpg,database\dinosaurs
database\dinosaurs\491.jpg,database\dinosaurs
database\dinosaurs\492.jpg,database\dinosaurs
database\dinosaurs\493.jpg,database\dinosaurs
database\dinosaurs\494.jpg,database\dinosaurs
database\dinosaurs\495.jpg,database\dinosaurs
database\dinosaurs\496.jpg,database\dinosaurs
database\dinosaurs\497.jpg,database\dinosaurs
database\dinosaurs\498.jpg,database\dinosaurs
database\dinosaurs\499.jpg,database\dinosaurs
database\elephants\510.jpg,database\elephants
database\elephants\511.jpg,database\elephants
database\elephants\512.jpg,database\elephants
database\elephants\513.jpg,database\elephants
database\elephants\514.jpg,database\elephants
database\elephants\515.jpg,database\elephants
database\elephants\516.jpg,database\elephants
database\elephants\517.jpg,database\elephants
database\elephants\518.jpg,database\elephants
database\elephants\519.jpg,database\elephants
database\elephants\520.jpg,database\elephants
database\elephants\521.jpg,database\elephants
database\elephants\522.jpg,database\elephants
database\elephants\523.jpg,database\elephants
database\elephants\524.jpg,database\elephants
database\elephants\525.jpg,database\elephants
database\elephants\526.jpg,database\elephants
database\elephants\527.jpg,database\elephants
database\elephants\528.jpg,database\elephants
database\elephants\529.jpg,database\elephants
database\elephants\530.jpg,database\elephants
database\elephants\531.jpg,database\elephants
database\elephants\532.jpg,database\elephants
database\elephants\533.jpg,database\elephants
database\elephants\534.jpg,database\elephants
database\elephants\535.jpg,database\elephants
database\elephants\536.jpg,database\elephants
database\elephants\537.jpg,database\elephants
database\elephants\538.jpg,database\elephants
database\elephants\539.jpg,database\elephants
database\elephants\540.jpg,database\elephants
database\elephants\541.jpg,database\elephants
database\elephants\542.jpg,database\elephants
database\elephants\543.jpg,database\elephants
database\elephants\544.jpg,database\elephants
database\elephants\545.jpg,database\elephants
database\elephants\546.jpg,database\elephants
database\elephants\547.jpg,database\elephants
database\elephants\548.jpg,database\elephants
database\elephants\549.jpg,database\elephants
database\elephants\550.jpg,database\elephants
database\elephants\551.jpg,database\elephants
database\elephants\552.jpg,database\elephants
database\elephants\553.jpg,database\elephants
database\elephants\554.jpg,database\elephants
database\elephants\555.jpg,database\elephants
database\elephants\556.jpg,database\elephants
database\elephants\557.jpg,database\elephants
database\elephants\558.jpg,database\elephants
database\elephants\559.jpg,database\elephants
database\elephants\560.jpg,database\elephants
database\elephants\561.jpg,database\elephants
database\elephants\562.jpg,database\elephants
database\elephants\563.jpg,database\elephants
database\elephants\564.jpg,database\elephants
database\elephants\565.jpg,database\elephants
database\elephants\566.jpg,database\elephants
database\elephants\567.jpg,database\elephants
database\elephants\568.jpg,database\elephants
database\elephants\569.jpg,database\elephants
database\elephants\570.jpg,database\elephants
database\elephants\571.jpg,database\elephants
database\elephants\572.jpg,database\elephants
database\elephants\573.jpg,database\elephants
database\elephants\574.jpg,database\elephants
database\elephants\575.jpg,database\elephants
database\elephants\576.jpg,database\elephants
database\elephants\577.jpg,database\elephants
database\elephants\578.jpg,database\elephants
database\elephants\579.jpg,database\elephants
database\elephants\580.jpg,database\elephants
database\elephants\581.jpg,database\elephants
database\elephants\582.jpg,database\elephants
database\elephants\583.jpg,database\elephants
database\elephants\584.jpg,database\elephants
database\elephants\585.jpg,database\elephants
database\elephants\586.jpg,database\elephants
database\elephants\587.jpg,database\elephants
database\elephants\588.jpg,database\elephants
database\elephants\589.jpg,database\elephants
database\elephants\590.jpg,database\elephants
database\elephants\591.jpg,database\elephants
database\elephants\592.jpg,database\elephants
database\elephants\593.jpg,database\elephants
database\elephants\594.jpg,database\elephants
database\elephants\595.jpg,database\elephants
database\elephants\596.jpg,database\elephants
database\elephants\597.jpg,database\elephants
database\elephants\598.jpg,database\elephants
database\elephants\599.jpg,database\elephants
database\flowers\610.jpg,database\flowers
database\flowers\611.jpg,database\flowers
database\flowers\612.jpg,database\flowers
database\flowers\613.jpg,database\flowers
database\flowers\614.jpg,database\flowers
database\flowers\615.jpg,database\flowers
database\flowers\616.jpg,database\flowers
database\flowers\617.jpg,database\flowers
database\flowers\618.jpg,database\flowers
database\flowers\619.jpg,database\flowers
database\flowers\620.jpg,database\flowers
database\flowers\621.jpg,database\flowers
database\flowers\622.jpg,database\flowers
database\flowers\623.jpg,database\flowers
database\flowers\624.jpg,database\flowers
database\flowers\625.jpg,database\flowers
database\flowers\626.jpg,database\flowers
database\flowers\627.jpg,database\flowers
database\flowers\628.jpg,database\flowers
database\flowers\629.jpg,database\flowers
database\flowers\630.jpg,database\flowers
database\flowers\631.jpg,database\flowers
database\flowers\632.jpg,database\flowers
database\flowers\633.jpg,database\flowers
database\flowers\634.jpg,database\flowers
database\flowers\635.jpg,database\flowers
database\flowers\636.jpg,database\flowers
database\flowers\637.jpg,database\flowers
database\flowers\638.jpg,database\flowers
database\flowers\639.jpg,database\flowers
database\flowers\640.jpg,database\flowers
database\flowers\641.jpg,database\flowers
database\flowers\642.jpg,database\flowers
database\flowers\643.jpg,database\flowers
database\flowers\644.jpg,database\flowers
database\flowers\645.jpg,database\flowers
database\flowers\646.jpg,database\flowers
database\flowers\647.jpg,database\flowers
database\flowers\648.jpg,database\flowers
database\flowers\649.jpg,database\flowers
database\flowers\650.jpg,database\flowers
database\flowers\651.jpg,database\flowers
database\flowers\652.jpg,database\flowers
database\flowers\653.jpg,database\flowers
database\flowers\654.jpg,database\flowers
database\flowers\655.jpg,database\flowers
database\flowers\656.jpg,database\flowers
database\flowers\657.jpg,database\flowers
database\flowers\658.jpg,database\flowers
database\flowers\659.jpg,database\flowers
database\flowers\660.jpg,database\flowers
database\flowers\661.jpg,database\flowers
database\flowers\662.jpg,database\flowers
database\flowers\663.jpg,database\flowers
database\flowers\664.jpg,database\flowers
database\flowers\665.jpg,database\flowers
database\flowers\666.jpg,database\flowers
database\flowers\667.jpg,database\flowers
database\flowers\668.jpg,database\flowers
database\flowers\669.jpg,database\flowers
database\flowers\670.jpg,database\flowers
database\flowers\671.jpg,database\flowers
database\flowers\672.jpg,database\flowers
database\flowers\673.jpg,database\flowers
database\flowers\674.jpg,database\flowers
database\flowers\675.jpg,database\flowers
database\flowers\676.jpg,database\flowers
database\flowers\677.jpg,database\flowers
database\flowers\678.jpg,database\flowers
database\flowers\679.jpg,database\flowers
database\flowers\680.jpg,database\flowers
database\flowers\681.jpg,database\flowers
database\flowers\682.jpg,database\flowers
database\flowers\683.jpg,database\flowers
database\flowers\684.jpg,database\flowers
database\flowers\685.jpg,database\flowers
database\flowers\686.jpg,database\flowers
database\flowers\687.jpg,database\flowers
database\flowers\688.jpg,database\flowers
database\flowers\689.jpg,database\flowers
database\flowers\690.jpg,database\flowers
database\flowers\691.jpg,database\flowers
database\flowers\692.jpg,database\flowers
database\flowers\693.jpg,database\flowers
database\flowers\694.jpg,database\flowers
database\flowers\695.jpg,database\flowers
database\flowers\696.jpg,database\flowers
database\flowers\697.jpg,database\flowers
database\flowers\698.jpg,database\flowers
database\flowers\699.jpg,database\flowers
database\foods\910.jpg,database\foods
database\foods\911.jpg,database\foods
database\foods\912.jpg,database\foods
database\foods\913.jpg,database\foods
database\foods\914.jpg,database\foods
database\foods\915.jpg,database\foods
database\foods\916.jpg,database\foods
database\foods\917.jpg,database\foods
database\foods\918.jpg,database\foods
database\foods\919.jpg,database\foods
database\foods\920.jpg,database\foods
database\foods\921.jpg,database\foods
database\foods\922.jpg,database\foods
database\foods\923.jpg,database\foods
database\foods\924.jpg,database\foods
database\foods\925.jpg,database\foods
database\foods\926.jpg,database\foods
database\foods\927.jpg,database\foods
database\foods\928.jpg,database\foods
database\foods\929.jpg,database\foods
database\foods\930.jpg,database\foods
database\foods\931.jpg,database\foods
database\foods\932.jpg,database\foods
database\foods\933.jpg,database\foods
database\foods\934.jpg,database\foods
database\foods\935.jpg,database\foods
database\foods\936.jpg,database\foods
database\foods\937.jpg,database\foods
database\foods\938.jpg,database\foods
database\foods\939.jpg,database\foods
database\foods\940.jpg,database\foods
database\foods\941.jpg,database\foods
database\foods\942.jpg,database\foods
database\foods\943.jpg,database\foods
database\foods\944.jpg,database\foods
database\foods\945.jpg,database\foods
database\foods\946.jpg,database\foods
database\foods\947.jpg,database\foods
database\foods\948.jpg,database\foods
database\foods\949.jpg,database\foods
database\foods\950.jpg,database\foods
database\foods\951.jpg,database\foods
database\foods\952.jpg,database\foods
database\foods\953.jpg,database\foods
database\foods\954.jpg,database\foods
database\foods\955.jpg,database\foods
database\foods\956.jpg,database\foods
database\foods\957.jpg,database\foods
database\foods\958.jpg,database\foods
database\foods\959.jpg,database\foods
database\foods\960.jpg,database\foods
database\foods\961.jpg,database\foods
database\foods\962.jpg,database\foods
database\foods\963.jpg,database\foods
database\foods\964.jpg,database\foods
database\foods\965.jpg,database\foods
database\foods\966.jpg,database\foods
database\foods\967.jpg,database\foods
database\foods\968.jpg,database\foods
database\foods\969.jpg,database\foods
database\foods\970.jpg,database\foods
database\foods\971.jpg,database\foods
database\foods\972.jpg,database\foods
database\foods\973.jpg,database\foods
database\foods\974.jpg,database\foods
database\foods\975.jpg,database\foods
database\foods\976.jpg,database\foods
database\foods\977.jpg,database\foods
database\foods\978.jpg,database\foods
database\foods\979.jpg,database\foods
database\foods\980.jpg,database\foods
database\foods\981.jpg,database\foods
database\foods\982.jpg,database\foods
database\foods\983.jpg,database\foods
database\foods\984.jpg,database\foods
database\foods\985.jpg,database\foods
database\foods\986.jpg,database\foods
database\foods\987.jpg,database\foods
database\foods\988.jpg,database\foods
database\foods\989.jpg,database\foods
database\foods\990.jpg,database\foods
database\foods\991.jpg,database\foods
database\foods\992.jpg,database\foods
database\foods\993.jpg,database\foods
database\foods\994.jpg,database\foods
database\foods\995.jpg,database\foods
database\foods\996.jpg,database\foods
database\foods\997.jpg,database\foods
database\foods\998.jpg,database\foods
database\foods\999.jpg,database\foods
database\horses\710.jpg,database\horses
database\horses\711.jpg,database\horses
database\horses\712.jpg,database\horses
database\horses\713.jpg,database\horses
database\horses\714.jpg,database\horses
database\horses\715.jpg,database\horses
database\horses\716.jpg,database\horses
database\horses\717.jpg,database\horses
database\horses\718.jpg,database\horses
database\horses\719.jpg,database\horses
database\horses\720.jpg,database\horses
database\horses\721.jpg,database\horses
database\horses\722.jpg,database\horses
database\horses\723.jpg,database\horses
database\horses\724.jpg,database\horses
database\horses\725.jpg,database\horses
database\horses\726.jpg,database\horses
database\horses\727.jpg,database\horses
database\horses\728.jpg,database\horses
database\horses\729.jpg,database\horses
database\horses\730.jpg,database\horses
database\horses\731.jpg,database\horses
database\horses\732.jpg,database\horses
database\horses\733.jpg,database\horses
database\horses\734.jpg,database\horses
database\horses\735.jpg,database\horses
database\horses\736.jpg,database\horses
database\horses\737.jpg,database\horses
database\horses\738.jpg,database\horses
database\horses\739.jpg,database\horses
database\horses\740.jpg,database\horses
database\horses\741.jpg,database\horses
database\horses\742.jpg,database\horses
database\horses\743.jpg,database\horses
database\horses\744.jpg,database\horses
database\horses\745.jpg,database\horses
database\horses\746.jpg,database\horses
database\horses\747.jpg,database\horses
database\horses\748.jpg,database\horses
database\horses\749.jpg,database\horses
database\horses\750.jpg,database\horses
database\horses\751.jpg,database\horses
database\horses\752.jpg,database\horses
database\horses\753.jpg,database\horses
database\horses\754.jpg,database\horses
database\horses\755.jpg,database\horses
database\horses\756.jpg,database\horses
database\horses\757.jpg,database\horses
database\horses\758.jpg,database\horses
database\horses\759.jpg,database\horses
database\horses\760.jpg,database\horses
database\horses\761.jpg,database\horses
database\horses\762.jpg,database\horses
database\horses\763.jpg,database\horses
database\horses\764.jpg,database\horses
database\horses\765.jpg,database\horses
database\horses\766.jpg,database\horses
database\horses\767.jpg,database\horses
database\horses\768.jpg,database\horses
database\horses\769.jpg,database\horses
database\horses\770.jpg,database\horses
database\horses\771.jpg,database\horses
database\horses\772.jpg,database\horses
database\horses\773.jpg,database\horses
database\horses\774.jpg,database\horses
database\horses\775.jpg,database\horses
database\horses\776.jpg,database\horses
database\horses\777.jpg,database\horses
database\horses\778.jpg,database\horses
database\horses\779.jpg,database\horses
database\horses\780.jpg,database\horses
database\horses\781.jpg,database\horses
database\horses\782.jpg,database\horses
database\horses\783.jpg,database\horses
database\horses\784.jpg,database\horses
database\horses\785.jpg,database\horses
database\horses\786.jpg,database\horses
database\horses\787.jpg,database\horses
database\horses\788.jpg,database\horses
database\horses\789.jpg,database\horses
database\horses\790.jpg,database\horses
database\horses\791.jpg,database\horses
database\horses\792.jpg,database\horses
database\horses\793.jpg,database\horses
database\horses\794.jpg,database\horses
database\horses\795.jpg,database\horses
database\horses\796.jpg,database\horses
database\horses\797.jpg,database\horses
database\horses\798.jpg,database\horses
database\horses\799.jpg,database\horses
database\monuments\210.jpg,database\monuments
database\monuments\211.jpg,database\monuments
database\monuments\212.jpg,database\monuments
database\monuments\213.jpg,database\monuments
database\monuments\214.jpg,database\monuments
database\monuments\215.jpg,database\monuments
database\monuments\216.jpg,database\monuments
database\monuments\217.jpg,database\monuments
database\monuments\218.jpg,database\monuments
database\monuments\219.jpg,database\monuments
database\monuments\220.jpg,database\monuments
database\monuments\221.jpg,database\monuments
database\monuments\222.jpg,database\monuments
database\monuments\223.jpg,database\monuments
database\monuments\224.jpg,database\monuments
database\monuments\225.jpg,database\monuments
database\monuments\226.jpg,database\monuments
database\monuments\227.jpg,database\monuments
database\monuments\228.jpg,database\monuments
database\monuments\229.jpg,database\monuments
database\monuments\230.jpg,database\monuments